0,554,42
1,570,43
2,586,43
3,602,46
11,618,50
23,538,52
21,634,57
10,522,57
9,554,58
19,570,59
18,586,59
20,602,62
25,506,62
27,650,63
44,618,66
56,490,68
48,666,72
36,634,73
43,554,74
54,570,75
59,538,75
79,586,75
80,474,76
68,602,78
71,650,79
60,522,79
69,618,82
75,506,84
82,682,85
66,458,85
58,666,88
40,634,89
34,554,90
32,570,91
33,538,91
35,586,91
37,490,91
41,602,94
26,442,95
14,650,95
4,522,95
6,618,98
17,698,99
31,474,99
47,506,100
57,682,101
46,666,104
39,634,105
24,492,106
13,426,106
16,554,106
30,570,107
28,538,107
45,583,107
42,458,108
73,602,110
64,504,110
67,650,111
72,522,111
77,442,112
84,477,112
65,618,114
61,535,115
55,585,119
74,711,121
63,634,121
53,520,121
51,695,121
50,461,122
52,488,122
62,414,123
81,471,123
76,679,124
78,724,125
88,602,126
92,504,126
89,553,127
83,663,128
94,568,129
102,440,129
99,457,129
96,537,130
95,520,131
93,621,132
91,647,135
87,403,138
101,425,141
103,734,142
111,586,142
112,615,145
106,438,146
108,723,147
109,599,148
110,707,149
114,630,149
125,691,150
123,675,153
122,392,155
120,430,157
119,659,158
124,413,158
117,736,163
116,643,164
127,748,167
128,382,171
136,402,174
130,720,177
132,418,177
134,704,178
135,688,179
137,672,182
142,752,182
148,736,185
146,376,186
143,656,187
140,392,193
145,764,195
144,754,198
141,407,199
151,728,201
162,712,204
161,370,204
154,696,204
160,680,206
167,743,207
153,664,210
155,392,213
157,771,216
158,759,218
166,407,219
173,726,221
169,364,222
168,711,223
180,381,223
179,695,224
177,679,226
174,743,228
171,663,230
172,396,232
182,408,240
187,722,243
196,770,243
195,659,244
183,707,245
184,755,245
186,738,246
191,691,246
193,366,247
190,674,250
198,382,252
204,400,255
208,771,263
215,408,263
221,728,266
232,756,267
218,712,269
224,370,269
216,697,269
206,679,271
203,393,271
201,746,276
197,765,279
220,777,281
231,365,283
227,382,285
225,399,285
229,682,285
244,731,286
268,714,288
258,700,290
262,413,295
273,770,300
277,784,301
283,689,301
281,753,301
276,358,304
267,390,305
266,737,306
246,374,307
250,721,308
242,705,309
238,404,311
249,793,318
245,778,321
261,762,321
263,346,324
241,746,325
223,802,327
233,379,328
213,362,329
212,697,330
230,730,331
228,394,332
211,714,333
202,406,333
200,793,337
199,802,339
217,446,340
214,681,341
235,777,342
240,761,343
254,460,344
260,745,345
252,478,348
253,665,348
239,381,350
219,494,351
222,347,351
243,649,352
251,399,352
247,365,352
256,729,353
265,713,353
271,697,354
275,793,355
270,633,356
284,522,358
278,778,359
272,549,360
274,762,360
279,464,360
280,617,361
290,746,362
289,681,364
291,536,366
302,490,368
300,390,368
303,474,368
311,730,368
314,506,369
318,714,369
313,459,369
305,602,369
293,698,370
286,353,370
287,792,371
298,374,372
295,407,372
299,650,374
312,763,375
316,781,376
307,684,378
301,634,378
294,747,378
288,521,379
285,666,379
297,619,383
304,723,386
310,390,387
315,651,387
309,633,388
319,738,389
320,772,389
326,757,389
332,795,389
327,362,389
321,707,389
335,381,390
341,591,390
348,416,390
354,788,392
355,676,395
352,607,396
338,690,396
339,373,403
330,701,403
325,623,405
329,635,405
340,546,405
334,386,407
323,749,408
324,717,409
336,772,409
347,600,412
346,787,412
356,732,413
360,646,417
361,615,420
357,764,421
342,781,423
331,790,426
328,645,427
322,391,427
333,631,429
337,748,430
345,597,433
350,732,435
363,716,437
370,614,443
377,765,446
384,780,446
382,749,448
381,391,448
378,733,452
374,630,452
372,702,455
375,406,457
373,598,457
364,718,458
376,686,460
368,765,461
367,644,463
351,749,463
343,773,466
344,614,466
358,732,468
366,395,471
369,663,474
365,414,475
371,630,475
359,600,476
362,760,478
379,697,478
380,712,480
386,745,483
394,616,484
399,680,484
411,408,486
421,728,488
431,632,490
427,647,492
430,599,497
449,757,500
454,696,500
466,712,502
475,664,504
498,634,504
515,615,504
528,744,505
531,679,509
546,649,510
533,728,511
522,631,514
506,755,515
494,696,516
484,590,517
486,712,518
463,744,521
462,664,521
448,647,522
478,682,524
491,606,526
497,728,527
517,575,528
513,558,528
544,755,530
534,697,531
563,712,532
594,623,534
633,421,536
690,744,537
701,591,539
656,671,539
662,412,540
664,639,542
618,655,544
613,687,544
602,730,544
574,548,545
548,515,551
552,703,552
579,718,553
565,501,554
596,748,554
585,612,555
589,532,555
611,564,556
575,580,557
568,596,558
600,548,560
644,735,560
655,516,562
630,662,563
621,629,564
637,677,565
686,645,569
706,601,571
669,742,572
707,694,572
696,507,573
687,495,574
678,710,580
658,725,581
620,619,583
634,740,584
593,670,587
560,489,589
551,654,590
582,637,592
591,606,593
624,685,593
601,446,601
570,622,602
558,461,602
532,479,602
540,701,602
514,589,603
500,717,605
518,669,607
526,488,607
530,734,607
537,573,610
549,747,610
542,557,612
520,653,613
516,637,614
505,609,614
488,577,618
485,463,621
474,594,621
453,673,621
459,480,621
464,689,624
480,445,625
487,752,627
489,722,628
503,465,630
523,625,630
493,609,631
511,737,631
509,657,632
502,492,632
481,705,633
469,769,636
461,641,637
444,673,641
429,753,643
418,479,643
406,448,644
409,607,646
407,464,647
403,493,647
401,625,647
396,689,647
389,721,648
383,785,649
392,737,650
388,769,652
387,657,653
385,705,655
390,673,656
395,801,656
397,639,656
400,623,657
402,591,659
414,691,659
419,753,659
415,815,659
422,573,661
412,464,663
410,658,663
398,448,663
404,721,664
405,785,665
417,480,665
432,833,665
443,639,665
456,736,666
442,705,667
424,769,668
420,816,668
425,605,669
440,558,670
438,543,672
450,754,673
472,687,673
470,493,673
465,719,675
445,857,676
433,622,678
439,671,678
458,464,679
479,655,679
467,448,679
452,799,680
434,480,681
436,873,681
457,842,681
446,580,682
426,703,682
423,751,685
437,638,686
435,889,687
441,826,688
447,511,688
460,783,688
455,528,689
477,735,689
483,767,692
501,719,692
525,857,692
553,596,693
580,464,694
557,689,694
538,496,694
510,905,694
490,448,695
468,611,695
476,480,696
499,873,697
519,810,700
541,841,702
524,648,702
504,706,702
482,889,703
495,752,704
512,512,704
508,435,705
536,930,707
547,665,707
559,857,708
577,681,709
598,915,710
626,629,710
665,825,710
689,468,710
651,735,710
628,613,711
652,794,711
673,873,713
703,720,714
728,419,714
767,527,715
802,697,717
845,899,718
868,841,718
918,778,718
968,451,718
1030,483,719
1086,953,719
1142,762,720
1106,500,720
1053,809,722
996,537,722
939,649,723
888,403,723
839,938,723
816,746,724
774,857,724
747,969,725
704,825,726
679,883,726
714,713,727
743,435,727
781,634,727
807,467,727
853,515,728
905,922,730
958,665,731
1011,730,731
1072,387,733
1045,793,733
1016,681,733
989,841,734
940,992,734
889,953,735
840,419,737
792,867,737
746,809,738
762,906,738
811,777,739
856,1008,740
907,977,740
960,649,740
992,371,740
935,697,740
885,451,741
836,483,741
786,761,741
757,499,741
715,825,742
695,435,743
735,937,743
713,467,743
674,666,745
660,745,746
698,403,746
717,890,746
760,1027,747
805,683,747
850,851,749
904,355,749
954,793,749
921,510,749
875,961,749
829,713,750
779,992,750
734,921,750
693,1043,752
671,729,753
631,419,753
608,809,754
622,1012,755
643,777,755
607,640,755
587,1059,755
572,699,755
555,387,755
529,874,756
539,451,757
562,760,757
584,835,757
612,656,757
648,483,757
667,339,757
708,499,757
751,1075,758
798,905,758
843,945,759
890,435,759
851,467,759
815,744,760
771,976,760
725,672,761
681,403,762
640,1091,762
619,1027,763
586,371,763
554,688,764
561,996,765
592,793,765
578,715,765
616,929,766
657,323,766
699,819,766
739,1107,766
784,889,767
824,1043,768
790,858,768
754,419,769
709,729,769
668,960,770
627,511,770
588,634,771
595,777,771
635,1059,771
675,387,771
719,704,772
752,355,772
716,451,773
685,1011,773
645,483,773
606,499,773
615,913,774
625,757,774
654,1075,774
688,307,774
663,435,775
650,980,775
712,467,775
737,1129,776
769,873,777
801,842,777
830,403,778
844,1091,778
797,742,778
776,653,778
822,1027,779
870,803,779
920,371,779
895,944,779
949,339,780
971,669,781
1004,1117,781
1031,684,781
1088,897,782
1066,510,783
1129,995,783
1164,1043,784
1186,721,784
1219,291,784
1171,964,785
1109,419,785
1048,826,785
987,928,786
934,1059,787
884,387,787
864,355,788
841,787,788
880,857,788
903,451,789
919,1011,789
970,483,789
1027,323,789
1087,498,790
1151,1075,790
1215,701,790
1265,770,791
1316,1101,791
1266,881,791
1202,627,791
1196,435,791
1257,467,791
1320,979,793
1364,403,794
1425,912,794
1462,752,794
1473,275,794
1420,948,795
1383,1027,795
1337,371,795
1302,645,795
1270,339,796
1346,810,797
1385,841,798
1403,307,798
1439,716,798
1463,735,799
1539,995,799
1551,1043,800
1499,493,800
1529,419,801
1540,1127,801
1515,932,802
1492,865,802
1501,896,802
1555,1085,803
1495,963,803
1503,682,803
1552,1059,803
1491,259,803
1500,387,803
1521,665,803
1547,355,804
1520,451,805
1533,1011,805
1516,483,805
1543,323,805
1482,825,806
1502,435,807
1517,467,807
1498,291,808
1524,585,808
1550,794,809
1553,979,809
1561,916,809
1545,403,810
1504,1111,810
1506,617,810
1488,1027,811
1470,698,811
1451,371,811
1438,633,811
1454,880,811
1442,339,812
1485,243,812
1466,947,813
1468,849,813
1453,307,814
1416,600,814
1445,650,815
1418,995,815
1384,1069,815
1435,778,815
1405,1043,816
1423,762,816
1478,419,817
1452,900,817
1397,809,818
1335,275,818
1268,963,819
1240,387,819
1306,931,820
1368,746,820
1422,355,820
1481,483,820
1456,451,821
1399,833,821
1338,714,821
1275,1095,821
1208,492,821
1178,1011,821
1247,227,821
1310,323,821
1371,864,822
1427,435,823
1395,1127,823
1329,467,823
1272,291,824
1206,979,825
1137,403,826
1099,884,826
1170,259,826
1234,729,826
1292,1027,827
1359,371,827
1414,915,827
1448,339,828
1434,672,828
1381,476,828
1319,1053,828
1252,575,829
1194,947,829
1130,793,829
1060,307,830
1022,211,830
1084,817,831
1148,1112,831
1213,995,831
1277,688,832
1341,419,833
1401,1079,833
1450,848,833
1409,275,834
1363,592,834
1298,963,835
1239,777,835
1172,899,835
1113,608,835
1052,387,835
988,640,835
1006,931,836
1068,243,836
1126,355,836
1140,451,837
1073,1011,837
1017,868,837
963,761,837
946,323,837
914,656,837
950,467,839
984,435,839
1020,1127,839
1058,291,840
1092,1037,840
1123,195,840
1152,704,841
1185,624,841
1216,832,841
1262,979,841
1300,1096,842
1369,403,842
1340,747,842
1303,259,842
1336,371,843
1372,801,843
1299,915,843
1253,227,844
1192,339,844
1127,883,844
1139,947,845
1077,1063,846
1064,307,846
1003,995,847
1015,1112,848
962,852,848
943,419,849
893,672,849
859,275,850
873,179,850
879,963,851
858,1021,851
832,816,851
817,899,851
806,387,851
793,720,851
835,931,852
852,243,852
899,737,852
931,785,852
985,355,852
1043,451,853
1103,211,853
1165,323,853
1200,1080,853
1260,462,854
1227,688,855
1188,435,855
1134,867,855
1071,596,855
1009,1127,855
957,291,856
902,579,856
874,769,856
828,836,856
796,979,857
758,403,858
733,640,858
753,259,858
755,753,858
763,1047,859
783,163,859
768,656,859
740,371,859
718,1096,859
722,915,859
750,227,860
742,339,860
738,883,860
749,947,861
732,1005,861
791,307,862
804,704,862
808,800,864
827,195,864
810,1112,864
819,419,865
788,534,865
799,672,865
826,820,866
855,275,866
892,611,866
916,851,866
866,1064,866
847,963,867
898,899,867
882,387,867
877,931,868
915,243,868
947,355,868
951,147,868
978,451,869
973,211,869
944,323,869
925,1031,870
927,627,870
945,688,871
936,435,871
924,867,871
975,1080,871
997,1127,871
1013,989,871
1041,462,872
981,291,872
976,784,872
1028,720,873
1034,564,873
1032,736,873
1089,179,873
1153,403,874
1217,259,874
1279,835,874
1301,595,874
1246,371,875
1183,1096,875
1120,915,875
1095,768,875
1157,227,876
1223,339,876
1285,883,876
1294,947,877
1242,579,877
1179,307,878
1115,804,878
1093,704,878
1155,752,879
1220,1048,879
1278,643,879
1309,195,880
1245,1113,880
1182,1015,880
1119,659,880
1056,131,881
1040,419,881
1101,973,881
1162,163,881
1226,275,882
1288,851,882
1348,899,883
1378,387,883
1379,931,884
1417,243,884
1345,819,884
1365,1064,884
1382,355,884
1358,451,885
1362,211,885
1314,323,885
1343,867,887
1325,435,887
1274,1080,887
1254,1127,887
1193,531,888
1128,691,888
1065,291,888
1083,788,888
1026,720,888
1021,179,889
1080,675,889
1144,611,890
1147,403,890
1212,736,890
1207,465,890
1271,259,890
1323,999,890
1297,835,890
1357,595,890
1339,1097,891
1283,1032,891
1290,957,891
1332,371,891
1308,147,891
1356,915,891
1352,227,892
1291,339,892
1229,627,892
1244,883,892
1230,772,892
1167,115,893
1180,579,894
1166,307,894
1104,546,895
1124,195,896
1062,803,896
1001,1113,897
1024,419,897
999,1048,897
1054,163,897
1116,275,898
1105,851,898
1097,515,899
1159,899,899
1222,387,899
1238,755,899
1175,243,900
1112,819,900
1051,941,900
995,1064,900
979,355,900
1038,451,901
1044,983,901
986,643,901
932,1016,901
901,211,901
869,562,901
872,323,901
941,659,902
926,1081,903
897,723,903
972,435,903
1010,867,903
1059,1127,903
1121,691,904
1184,291,904
1190,707,904
1250,131,904
1248,467,905
1225,179,905
1287,611,906
1351,403,906
1394,787,906
1444,739,906
1449,259,906
1406,835,906
1373,595,906
1312,925,907
1315,371,907
1376,147,907
1431,1097,907
1412,227,908
1460,339,908
1429,627,908
1437,1032,908
1519,883,908
1526,579,910
1483,307,910
1511,771,910
1518,103,910
1484,967,910
1513,531,911
1510,1000,911
1514,195,912
1525,547,912
1528,483,912
1496,803,912
1457,675,912
1443,1113,913
1391,419,913
1355,1048,913
1295,163,913
1233,275,914
1169,851,914
1161,909,914
1100,1065,915
1075,387,915
1063,499,916
1125,243,916
1191,819,916
1251,355,916
1317,451,917
1377,643,917
1349,211,917
1404,323,917
1430,659,918
1393,1016,919
1330,435,919
1269,867,919
1284,1081,919
1221,1127,919
1204,691,920
1143,291,920
1156,131,920
1094,951,920
1079,755,921
1019,467,921
1036,723,921
982,179,921
965,611,922
922,403,922
911,984,922
861,515,922
865,787,922
820,259,922
814,835,922
766,563,922
777,595,922
789,893,923
765,371,923
770,147,923
726,1097,923
710,227,924
684,339,924
666,627,924
632,1032,924
642,93,925
605,739,926
583,579,926
569,307,926
567,116,926
603,771,926
610,707,927
573,531,927
545,195,928
527,935,928
543,547,928
571,483,928
566,1049,928
599,803,928
609,675,928
647,1113,929
639,1000,929
649,419,929
641,163,929
682,275,930
692,851,930
730,134,931
724,387,931
680,968,931
691,243,932
729,819,932
775,1065,932
821,355,932
867,877,932
917,451,933
969,643,933
1029,211,933
1085,323,933
1150,659,934
1214,1016,935
1276,148,935
1342,435,935
1402,1081,935
1455,919,935
1486,691,936
1560,291,936
1512,755,937
1508,467,937
1472,723,937
1433,179,937
1380,611,938
1318,403,938
1256,515,938
1195,787,938
1131,259,938
1067,1132,938
1005,835,938
953,563,938
896,595,938
846,371,939
800,499,939
756,984,939
711,1097,939
672,1033,940
629,227,940
590,339,940
556,627,940
576,84,941
614,164,941
653,952,941
694,739,942
736,579,942
780,307,942
831,771,942
876,707,943
929,531,943
980,903,943
1039,1124,944
1098,103,944
1160,861,944
1224,195,944
1286,547,944
1350,483,944
1408,803,944
1464,675,944
1527,1000,945
1522,419,945
1480,1049,945
1441,275,946
1389,387,947
1326,243,948
1263,819,948
1198,127,948
1136,1065,948
1074,355,948
1012,451,949
959,144,949
906,968,949
854,643,949
809,936,949
761,211,949
721,182,949
676,323,949
636,659,950
597,1017,950
617,435,951
659,1081,951
700,887,952
741,691,952
785,291,952
834,1108,952
883,755,953
933,467,953
990,611,953
1046,723,953
1107,403,954
1168,515,954
1232,787,954
1293,845,954
1354,259,954
1415,563,954
1465,595,954
1523,160,955
1538,371,955
1489,499,955
1447,984,955
1392,227,956
1328,198,956
1267,339,956
1203,627,956
1141,1033,956
1078,920,957
1018,76,957
964,739,958
909,307,958
860,579,958
813,771,958
764,707,959
723,952,959
677,531,959
638,93,960
661,547,960
702,483,960
744,1001,960
787,803,960
838,675,960
887,212,961
938,419,961
994,1049,961
1050,112,962
1025,176,962
967,829,962
913,275,962
863,871,962
818,387,963
773,243,964
727,1092,964
683,1065,964
705,355,964
748,904,964
794,451,965
842,1130,965
891,643,965
942,968,965
1000,323,965
1055,659,966
1117,936,967
1181,435,967
1243,1017,967
1304,756,967
1280,691,968
1218,291,968
1154,228,968
1090,192,968
1033,611,969
974,467,969
923,723,969
871,403,970
823,515,970
778,787,970
731,259,970
759,595,970
803,563,970
848,985,971
900,371,971
956,739,971
1008,499,971
1070,339,972
1133,627,972
1197,1033,972
1261,813,973
1321,888,973
1370,708,973
1344,1119,973
1388,855,974
1424,307,974
1458,67,974
1474,920,974
1436,134,974
1396,579,974
1410,771,974
1366,952,975
1333,208,975
1273,531,975
1211,246,976
1146,677,976
1082,547,976
1111,1076,976
1174,483,976
1237,419,977
1296,1001,977
1360,1049,977
1419,275,978
1471,84,978
1509,642,978
1534,150,978
1542,659,979
1535,387,979
1494,100,979
1544,355,980
1537,969,981
1541,451,981
1505,224,981
1549,592,981
1490,323,981
1532,260,982
1479,904,982
1546,839,982
1536,1103,982
1548,936,983
1507,610,983
1558,872,983
1497,1017,983
1554,435,983
1557,670,984
1493,291,984
1559,749,984
1475,1130,985
1469,166,985
1556,797,985
1531,467,985
1530,403,986
1487,515,986
1426,563,986
1367,118,987
1386,371,987
1398,499,987
1413,578,987
1467,626,987
1428,700,988
1446,985,988
1387,339,988
1374,240,988
1353,685,988
1327,1033,988
1322,1060,989
1305,732,990
1241,307,990
1249,58,990
1187,920,990
1176,888,990
1114,278,990
1057,953,990
1118,823,991
1091,531,991
1135,136,992
1108,182,992
1149,547,992
1205,483,992
1201,781,992
1258,764,992
1307,419,993
1324,1001,993
1347,716,993
1407,1087,994
1461,856,994
1476,1118,995
1432,74,995
1375,150,995
1400,294,995
1421,387,995
1440,256,995
1459,499,996
1477,355,996
1411,451,997
1390,515,997
1334,969,997
1289,323,997
1228,904,998
1163,90,998
1102,937,998
1042,198,998
983,1017,999
930,435,999
878,1130,1001
833,467,1001
782,875,1001
812,531,1002
857,166,1002
908,403,1002
961,1044,1002
1014,310,1002
1076,272,1002
1138,563,1002
1199,106,1002
1264,982,1003
1313,371,1003
1361,807,1003
1331,748,1003
1281,840,1004
1235,339,1004
1173,1102,1005
1110,214,1005
1049,921,1006
993,888,1006
937,288,1006
886,1071,1007
837,53,1007
862,953,1007
912,132,1007
966,579,1007
1023,452,1007
1081,547,1008
1145,182,1008
1209,419,1009
1255,1001,1009
1311,869,1009
1282,326,1009
1236,590,1010
1189,699,1010
1122,1118,1011
1061,230,1011
1002,387,1011
948,732,1011
894,498,1011
928,515,1012
977,824,1012
1037,148,1012
1096,355,1012
1158,984,1012
1210,531,1013
1259,1028,1013
1231,681,1013
1177,905,1013
1132,791,1014
1069,716,1014
1007,435,1015
955,937,1015
991,482,1015
1047,303,1016
1035,247,1016
998,564,1016
952,165,1016
910,1086,1017
881,1130,1017
849,403,1018
825,371,1019
795,758,1019
772,117,1019
745,775,1019
720,68,1020
697,684,1020
670,339,1020
646,420,1020
623,1102,1021
604,320,1021
581,84,1021
564,181,1021
550,263,1021
535,889,1022
521,198,1022
507,388,1022
496,921,1022
492,851,1023
471,581,1024
473,548,1024
451,743,1024
428,448,1025
413,47,1025
416,703,1025
408,358,1025
393,216,1026
391,967,1026
353,1054,1027
349,100,1027
317,283,1027
308,1011,1028
306,466,1028
296,133,1028
292,807,1030
282,1116,1030
269,952,1030
264,1039,1031
257,835,1031
248,996,1032
259,722,1032
237,231,1032
226,707,1033
236,150,1034
255,416,1034
234,340,1034
207,523,1034
210,570,1034
205,432,1034
209,539,1035
194,507,1035
192,1070,1035
188,873,1035
189,820,1035
185,555,1035
175,600,1035
178,904,1035
176,936,1036
181,384,1036
170,367,1036
165,791,1036
164,491,1036
163,588,1036
156,400,1036
147,477,1036
149,1101,1036
159,39,1037
152,57,1037
150,207,1037
139,889,1037
138,328,1037
129,295,1037
118,175,1037
115,258,1037
126,352,1037
133,1132,1037
131,1086,1037
121,241,1037
113,313,1037
104,858,1037
97,272,1038
105,730,1038
107,189,1038
100,919,1038
98,158,1038
90,222,1038
86,776,1038
85,1125,1038
70,979,1038
49,761,1039
38,122,1039
29,1022,1039
22,71,1039
15,107,1039
12,138,1039
7,87,1040
5,451,1040
8,744,1040
